Workbook

Sheet 채점기준
A1: 2027 창립총회 행사대행사 평가 — 채점 기준 (100점)
A2: 항목별 배점 안에서 점수를 매깁니다. 기준 칸은 상(만점 근처)·중(절반 안팎)·하(0~하위) 판단의 가이드입니다. 결격 확인(G1~G5)에 '아니오'가 있으면 총점과 별도로 협의 대상입니다.
A4: 대항목 | B4: 코드 | C4: 세부 항목 | D4: 배점 | E4: 상 (만점 근처) | F4: 중 (절반 안팎) | G4: 하 (0~하위)
A5: 행사 콘셉트·창의성 (25) | B5: 1-1 | C5: 창립 메시지 해석 | D5: 10 | E5: 새 동문회의 정체성·비전을 행사 전체에 일관된 메시지로 풀어냄 | F5: 메시지는 있으나 일부 요소에만 반영 | G5: 일반적 갈라 행사 수준, 창립 의미가 드러나지 않음
B6: 1-2 | C6: 오프닝·세리머니 차별화 | D6: 10 | E6: 기억에 남을 독창적 오프닝·창립 세리머니, 실현 가능성까지 제시 | F6: 무난한 아이디어, 일부 구체성 부족 | G6: 흔한 영상+축사 구성
B7: 1-3 | C7: 동문 정체성·세대 연결 | D7: 5 | E7: 선후배·세대·과정을 잇는 장치가 구체적 | F7: 언급은 있으나 장치가 약함 | G7: 고려 없음
A8: 유사 행사 실적 (20) | B8: 2-1 | C8: 500~1,000명 호텔 갈라·창립식 실적 | D8: 10 | E8: 최근 5년 3건 이상, 직접 총괄 범위 명확 | F8: 1~2건 또는 일부 범위만 수행 | G8: 해당 규모 실적 없음
B9: 2-2 | C9: 그랜드 하얏트·Encore 경험 | D9: 5 | E9: Grand Ballroom 직접 수행·Encore 협의 경험 있음 | F9: 타 특급호텔 볼룸 경험 | G9: 호텔 볼룸 경험 미미
B10: 2-3 | C10: 레퍼런스 검증 가능성 | D10: 5 | E10: 고객 연락·자료로 검증 가능 | F10: 일부만 검증 가능 | G10: 검증 불가
A11: 프로그램·스토리텔링 (15) | B11: 3-1 | C11: 3시간 구성 균형 | D11: 8 | E11: 총회 의결·만찬·강연·세리머니·네트워킹이 분 단위로 균형 있게 설계 | F11: 구성은 있으나 시간 배분이 비현실적 | G11: 나열 수준
B12: 3-2 | C12: 시나리오·큐시트 완성도 | D12: 4 | E12: 초안 큐시트 수준의 구체성 | F12: 개요 수준 | G12: 없음
B13: 3-3 | C13: 특별 강연 세션 연출 | D13: 3 | E13: 연사 미정 상태에서도 형식·연출 대안 제시 | F13: 일반적 강연 배치 | G13: 고려 없음
A14: 실제 투입 PM·팀 (15) | B14: 4-1 | C14: 총괄 PM 경력·투입률 | D14: 8 | E14: 유사 규모 총괄 경험 + 높은 투입률 확약 | F14: 경험 있으나 투입률 낮거나 겸직 많음 | G14: 경력 부족·미지정
B15: 4-2 | C15: 핵심 팀 구성 | D15: 4 | E15: CD·현장책임·AV·의전 책임자 실명·실적 제시 | F15: 일부만 지정 | G15: 미지정
B16: 4-3 | C16: 사내 제작 비중·외주 관리 | D16: 3 | E16: 핵심 제작 사내 수행 또는 외주 파트너 명확 | F16: 외주 비중 높으나 관리 방안 있음 | G16: 재하도급 구조 불명확
A17: 등록·VIP·현장 운영 (10) | B17: 5-1 | C17: 등록·RSVP·QR 및 홈페이지 연계 | D17: 4 | E17: 동문회 시스템 연계 + 개인정보 처리 방안 구체 | F17: 자체 시스템만 제시 | G17: 고려 없음
B18: 5-2 | C18: VIP 의전·좌석·동선 | D18: 3 | E18: VIP 리셉션·좌석·동선 계획 구체 | F18: 일반적 계획 | G18: 없음
B19: 5-3 | C19: 15:00 셋업·리허설·안전 | D19: 3 | E19: 호텔 조건을 반영한 셋업·리허설·안전 계획 | F19: 조건 인지 수준 | G19: 조건 미반영
A20: 예산 합리성·투명성 (10) | B20: 6-1 | C20: 예산 범위 적합성 | D20: 4 | E20: 1.2~1.3억(VAT 기준 명확) 내 제안 | F20: 범위 약간 초과 또는 VAT 기준 불명확 | G20: 크게 초과
B21: 6-2 | C21: 산출 근거·구분 | D21: 4 | E21: 항목별 수량·단가, PM비/외주비/수수료/VAT 분리 | F21: 일부 분리 | G21: 통합 견적
B22: 6-3 | C22: 인원 증감·옵션 분리 | D22: 2 | E22: 600/800명 증감과 필수/선택 구분 | F22: 일부만 제시 | G22: 없음
A23: 디자인·영상 완성도 (5) | B23: 7-1 | C23: 키비주얼·포트폴리오 품질 | D23: 3 | E23: 품격 있고 일관된 시안 | F23: 평이 | G23: 미흡
B24: 7-2 | C24: 오프닝 영상 제안 | D24: 2 | E24: 구성안·레퍼런스 구체 | F24: 개념 수준 | G24: 없음
A25: 합계 | D25: =SUM(D5:D24)
A27: 결격 확인 | B27: 코드 | C27: 확인 항목
A28: Pass/Fail | B28: G1 | C28: 2027.4.16 현장 운영 가능
A29: Pass/Fail | B29: G2 | C29: 호텔 60일 전 통보·사전 승인 이행 동의
A30: Pass/Fail | B30: G3 | C30: VAT 포함·별도 금액 모두 제출
A31: Pass/Fail | B31: G4 | C31: 핵심 인력 실투입 확약
A32: Pass/Fail | B32: G5 | C32: 참석자 개인정보 처리 방안 제출

Sheet 종합
A1: 종합 — 평가자 평균
A2: 점수를 입력한 평가자만 평균에 반영. 순위는 평균 총점 기준.
A4: 대항목 (배점) | B4: 배점 | C4: 인터컴 | D4: 유니원 | E4: FM | F4: 플랜웍스 | G4: 이즈피엠피 | H4: 피플엑스 | I4: 이도플래닝
A5: 행사 콘셉트·창의성 | B5: 25 | C5: =IFERROR(SUM('평가자1'!D9,'평가자2'!D9,'평가자3'!D9,'평가자4'!D9,'평가자5'!D9)/((COUNT('평가자1'!D6:D32)>0)+(COUNT('평가자2'!D6:D32)>0)+(COUNT('평가자3'!D6:D32)>0)+(COUNT('평가자4'!D6:D32)>0)+(COUNT('평가자5'!D6:D32)>0)),"") | D5: =IFERROR(SUM('평가자1'!E9,'평가자2'!E9,'평가자3'!E9,'평가자4'!E9,'평가자5'!E9)/((COUNT('평가자1'!E6:E32)>0)+(COUNT('평가자2'!E6:E32)>0)+(COUNT('평가자3'!E6:E32)>0)+(COUNT('평가자4'!E6:E32)>0)+(COUNT('평가자5'!E6:E32)>0)),"") | E5: =IFERROR(SUM('평가자1'!F9,'평가자2'!F9,'평가자3'!F9,'평가자4'!F9,'평가자5'!F9)/((COUNT('평가자1'!F6:F32)>0)+(COUNT('평가자2'!F6:F32)>0)+(COUNT('평가자3'!F6:F32)>0)+(COUNT('평가자4'!F6:F32)>0)+(COUNT('평가자5'!F6:F32)>0)),"") | F5: =IFERROR(SUM('평가자1'!G9,'평가자2'!G9,'평가자3'!G9,'평가자4'!G9,'평가자5'!G9)/((COUNT('평가자1'!G6:G32)>0)+(COUNT('평가자2'!G6:G32)>0)+(COUNT('평가자3'!G6:G32)>0)+(COUNT('평가자4'!G6:G32)>0)+(COUNT('평가자5'!G6:G32)>0)),"") | G5: =IFERROR(SUM('평가자1'!H9,'평가자2'!H9,'평가자3'!H9,'평가자4'!H9,'평가자5'!H9)/((COUNT('평가자1'!H6:H32)>0)+(COUNT('평가자2'!H6:H32)>0)+(COUNT('평가자3'!H6:H32)>0)+(COUNT('평가자4'!H6:H32)>0)+(COUNT('평가자5'!H6:H32)>0)),"") | H5: =IFERROR(SUM('평가자1'!I9,'평가자2'!I9,'평가자3'!I9,'평가자4'!I9,'평가자5'!I9)/((COUNT('평가자1'!I6:I32)>0)+(COUNT('평가자2'!I6:I32)>0)+(COUNT('평가자3'!I6:I32)>0)+(COUNT('평가자4'!I6:I32)>0)+(COUNT('평가자5'!I6:I32)>0)),"") | I5: =IFERROR(SUM('평가자1'!J9,'평가자2'!J9,'평가자3'!J9,'평가자4'!J9,'평가자5'!J9)/((COUNT('평가자1'!J6:J32)>0)+(COUNT('평가자2'!J6:J32)>0)+(COUNT('평가자3'!J6:J32)>0)+(COUNT('평가자4'!J6:J32)>0)+(COUNT('평가자5'!J6:J32)>0)),"")
A6: 유사 행사 실적 | B6: 20 | C6: =IFERROR(SUM('평가자1'!D13,'평가자2'!D13,'평가자3'!D13,'평가자4'!D13,'평가자5'!D13)/((COUNT('평가자1'!D6:D32)>0)+(COUNT('평가자2'!D6:D32)>0)+(COUNT('평가자3'!D6:D32)>0)+(COUNT('평가자4'!D6:D32)>0)+(COUNT('평가자5'!D6:D32)>0)),"") | D6: =IFERROR(SUM('평가자1'!E13,'평가자2'!E13,'평가자3'!E13,'평가자4'!E13,'평가자5'!E13)/((COUNT('평가자1'!E6:E32)>0)+(COUNT('평가자2'!E6:E32)>0)+(COUNT('평가자3'!E6:E32)>0)+(COUNT('평가자4'!E6:E32)>0)+(COUNT('평가자5'!E6:E32)>0)),"") | E6: =IFERROR(SUM('평가자1'!F13,'평가자2'!F13,'평가자3'!F13,'평가자4'!F13,'평가자5'!F13)/((COUNT('평가자1'!F6:F32)>0)+(COUNT('평가자2'!F6:F32)>0)+(COUNT('평가자3'!F6:F32)>0)+(COUNT('평가자4'!F6:F32)>0)+(COUNT('평가자5'!F6:F32)>0)),"") | F6: =IFERROR(SUM('평가자1'!G13,'평가자2'!G13,'평가자3'!G13,'평가자4'!G13,'평가자5'!G13)/((COUNT('평가자1'!G6:G32)>0)+(COUNT('평가자2'!G6:G32)>0)+(COUNT('평가자3'!G6:G32)>0)+(COUNT('평가자4'!G6:G32)>0)+(COUNT('평가자5'!G6:G32)>0)),"") | G6: =IFERROR(SUM('평가자1'!H13,'평가자2'!H13,'평가자3'!H13,'평가자4'!H13,'평가자5'!H13)/((COUNT('평가자1'!H6:H32)>0)+(COUNT('평가자2'!H6:H32)>0)+(COUNT('평가자3'!H6:H32)>0)+(COUNT('평가자4'!H6:H32)>0)+(COUNT('평가자5'!H6:H32)>0)),"") | H6: =IFERROR(SUM('평가자1'!I13,'평가자2'!I13,'평가자3'!I13,'평가자4'!I13,'평가자5'!I13)/((COUNT('평가자1'!I6:I32)>0)+(COUNT('평가자2'!I6:I32)>0)+(COUNT('평가자3'!I6:I32)>0)+(COUNT('평가자4'!I6:I32)>0)+(COUNT('평가자5'!I6:I32)>0)),"") | I6: =IFERROR(SUM('평가자1'!J13,'평가자2'!J13,'평가자3'!J13,'평가자4'!J13,'평가자5'!J13)/((COUNT('평가자1'!J6:J32)>0)+(COUNT('평가자2'!J6:J32)>0)+(COUNT('평가자3'!J6:J32)>0)+(COUNT('평가자4'!J6:J32)>0)+(COUNT('평가자5'!J6:J32)>0)),"")
A7: 프로그램·스토리텔링 | B7: 15 | C7: =IFERROR(SUM('평가자1'!D17,'평가자2'!D17,'평가자3'!D17,'평가자4'!D17,'평가자5'!D17)/((COUNT('평가자1'!D6:D32)>0)+(COUNT('평가자2'!D6:D32)>0)+(COUNT('평가자3'!D6:D32)>0)+(COUNT('평가자4'!D6:D32)>0)+(COUNT('평가자5'!D6:D32)>0)),"") | D7: =IFERROR(SUM('평가자1'!E17,'평가자2'!E17,'평가자3'!E17,'평가자4'!E17,'평가자5'!E17)/((COUNT('평가자1'!E6:E32)>0)+(COUNT('평가자2'!E6:E32)>0)+(COUNT('평가자3'!E6:E32)>0)+(COUNT('평가자4'!E6:E32)>0)+(COUNT('평가자5'!E6:E32)>0)),"") | E7: =IFERROR(SUM('평가자1'!F17,'평가자2'!F17,'평가자3'!F17,'평가자4'!F17,'평가자5'!F17)/((COUNT('평가자1'!F6:F32)>0)+(COUNT('평가자2'!F6:F32)>0)+(COUNT('평가자3'!F6:F32)>0)+(COUNT('평가자4'!F6:F32)>0)+(COUNT('평가자5'!F6:F32)>0)),"") | F7: =IFERROR(SUM('평가자1'!G17,'평가자2'!G17,'평가자3'!G17,'평가자4'!G17,'평가자5'!G17)/((COUNT('평가자1'!G6:G32)>0)+(COUNT('평가자2'!G6:G32)>0)+(COUNT('평가자3'!G6:G32)>0)+(COUNT('평가자4'!G6:G32)>0)+(COUNT('평가자5'!G6:G32)>0)),"") | G7: =IFERROR(SUM('평가자1'!H17,'평가자2'!H17,'평가자3'!H17,'평가자4'!H17,'평가자5'!H17)/((COUNT('평가자1'!H6:H32)>0)+(COUNT('평가자2'!H6:H32)>0)+(COUNT('평가자3'!H6:H32)>0)+(COUNT('평가자4'!H6:H32)>0)+(COUNT('평가자5'!H6:H32)>0)),"") | H7: =IFERROR(SUM('평가자1'!I17,'평가자2'!I17,'평가자3'!I17,'평가자4'!I17,'평가자5'!I17)/((COUNT('평가자1'!I6:I32)>0)+(COUNT('평가자2'!I6:I32)>0)+(COUNT('평가자3'!I6:I32)>0)+(COUNT('평가자4'!I6:I32)>0)+(COUNT('평가자5'!I6:I32)>0)),"") | I7: =IFERROR(SUM('평가자1'!J17,'평가자2'!J17,'평가자3'!J17,'평가자4'!J17,'평가자5'!J17)/((COUNT('평가자1'!J6:J32)>0)+(COUNT('평가자2'!J6:J32)>0)+(COUNT('평가자3'!J6:J32)>0)+(COUNT('평가자4'!J6:J32)>0)+(COUNT('평가자5'!J6:J32)>0)),"")
A8: 실제 투입 PM·팀 | B8: 15 | C8: =IFERROR(SUM('평가자1'!D21,'평가자2'!D21,'평가자3'!D21,'평가자4'!D21,'평가자5'!D21)/((COUNT('평가자1'!D6:D32)>0)+(COUNT('평가자2'!D6:D32)>0)+(COUNT('평가자3'!D6:D32)>0)+(COUNT('평가자4'!D6:D32)>0)+(COUNT('평가자5'!D6:D32)>0)),"") | D8: =IFERROR(SUM('평가자1'!E21,'평가자2'!E21,'평가자3'!E21,'평가자4'!E21,'평가자5'!E21)/((COUNT('평가자1'!E6:E32)>0)+(COUNT('평가자2'!E6:E32)>0)+(COUNT('평가자3'!E6:E32)>0)+(COUNT('평가자4'!E6:E32)>0)+(COUNT('평가자5'!E6:E32)>0)),"") | E8: =IFERROR(SUM('평가자1'!F21,'평가자2'!F21,'평가자3'!F21,'평가자4'!F21,'평가자5'!F21)/((COUNT('평가자1'!F6:F32)>0)+(COUNT('평가자2'!F6:F32)>0)+(COUNT('평가자3'!F6:F32)>0)+(COUNT('평가자4'!F6:F32)>0)+(COUNT('평가자5'!F6:F32)>0)),"") | F8: =IFERROR(SUM('평가자1'!G21,'평가자2'!G21,'평가자3'!G21,'평가자4'!G21,'평가자5'!G21)/((COUNT('평가자1'!G6:G32)>0)+(COUNT('평가자2'!G6:G32)>0)+(COUNT('평가자3'!G6:G32)>0)+(COUNT('평가자4'!G6:G32)>0)+(COUNT('평가자5'!G6:G32)>0)),"") | G8: =IFERROR(SUM('평가자1'!H21,'평가자2'!H21,'평가자3'!H21,'평가자4'!H21,'평가자5'!H21)/((COUNT('평가자1'!H6:H32)>0)+(COUNT('평가자2'!H6:H32)>0)+(COUNT('평가자3'!H6:H32)>0)+(COUNT('평가자4'!H6:H32)>0)+(COUNT('평가자5'!H6:H32)>0)),"") | H8: =IFERROR(SUM('평가자1'!I21,'평가자2'!I21,'평가자3'!I21,'평가자4'!I21,'평가자5'!I21)/((COUNT('평가자1'!I6:I32)>0)+(COUNT('평가자2'!I6:I32)>0)+(COUNT('평가자3'!I6:I32)>0)+(COUNT('평가자4'!I6:I32)>0)+(COUNT('평가자5'!I6:I32)>0)),"") | I8: =IFERROR(SUM('평가자1'!J21,'평가자2'!J21,'평가자3'!J21,'평가자4'!J21,'평가자5'!J21)/((COUNT('평가자1'!J6:J32)>0)+(COUNT('평가자2'!J6:J32)>0)+(COUNT('평가자3'!J6:J32)>0)+(COUNT('평가자4'!J6:J32)>0)+(COUNT('평가자5'!J6:J32)>0)),"")
A9: 등록·VIP·현장 운영 | B9: 10 | C9: =IFERROR(SUM('평가자1'!D25,'평가자2'!D25,'평가자3'!D25,'평가자4'!D25,'평가자5'!D25)/((COUNT('평가자1'!D6:D32)>0)+(COUNT('평가자2'!D6:D32)>0)+(COUNT('평가자3'!D6:D32)>0)+(COUNT('평가자4'!D6:D32)>0)+(COUNT('평가자5'!D6:D32)>0)),"") | D9: =IFERROR(SUM('평가자1'!E25,'평가자2'!E25,'평가자3'!E25,'평가자4'!E25,'평가자5'!E25)/((COUNT('평가자1'!E6:E32)>0)+(COUNT('평가자2'!E6:E32)>0)+(COUNT('평가자3'!E6:E32)>0)+(COUNT('평가자4'!E6:E32)>0)+(COUNT('평가자5'!E6:E32)>0)),"") | E9: =IFERROR(SUM('평가자1'!F25,'평가자2'!F25,'평가자3'!F25,'평가자4'!F25,'평가자5'!F25)/((COUNT('평가자1'!F6:F32)>0)+(COUNT('평가자2'!F6:F32)>0)+(COUNT('평가자3'!F6:F32)>0)+(COUNT('평가자4'!F6:F32)>0)+(COUNT('평가자5'!F6:F32)>0)),"") | F9: =IFERROR(SUM('평가자1'!G25,'평가자2'!G25,'평가자3'!G25,'평가자4'!G25,'평가자5'!G25)/((COUNT('평가자1'!G6:G32)>0)+(COUNT('평가자2'!G6:G32)>0)+(COUNT('평가자3'!G6:G32)>0)+(COUNT('평가자4'!G6:G32)>0)+(COUNT('평가자5'!G6:G32)>0)),"") | G9: =IFERROR(SUM('평가자1'!H25,'평가자2'!H25,'평가자3'!H25,'평가자4'!H25,'평가자5'!H25)/((COUNT('평가자1'!H6:H32)>0)+(COUNT('평가자2'!H6:H32)>0)+(COUNT('평가자3'!H6:H32)>0)+(COUNT('평가자4'!H6:H32)>0)+(COUNT('평가자5'!H6:H32)>0)),"") | H9: =IFERROR(SUM('평가자1'!I25,'평가자2'!I25,'평가자3'!I25,'평가자4'!I25,'평가자5'!I25)/((COUNT('평가자1'!I6:I32)>0)+(COUNT('평가자2'!I6:I32)>0)+(COUNT('평가자3'!I6:I32)>0)+(COUNT('평가자4'!I6:I32)>0)+(COUNT('평가자5'!I6:I32)>0)),"") | I9: =IFERROR(SUM('평가자1'!J25,'평가자2'!J25,'평가자3'!J25,'평가자4'!J25,'평가자5'!J25)/((COUNT('평가자1'!J6:J32)>0)+(COUNT('평가자2'!J6:J32)>0)+(COUNT('평가자3'!J6:J32)>0)+(COUNT('평가자4'!J6:J32)>0)+(COUNT('평가자5'!J6:J32)>0)),"")
A10: 예산 합리성·투명성 | B10: 10 | C10: =IFERROR(SUM('평가자1'!D29,'평가자2'!D29,'평가자3'!D29,'평가자4'!D29,'평가자5'!D29)/((COUNT('평가자1'!D6:D32)>0)+(COUNT('평가자2'!D6:D32)>0)+(COUNT('평가자3'!D6:D32)>0)+(COUNT('평가자4'!D6:D32)>0)+(COUNT('평가자5'!D6:D32)>0)),"") | D10: =IFERROR(SUM('평가자1'!E29,'평가자2'!E29,'평가자3'!E29,'평가자4'!E29,'평가자5'!E29)/((COUNT('평가자1'!E6:E32)>0)+(COUNT('평가자2'!E6:E32)>0)+(COUNT('평가자3'!E6:E32)>0)+(COUNT('평가자4'!E6:E32)>0)+(COUNT('평가자5'!E6:E32)>0)),"") | E10: =IFERROR(SUM('평가자1'!F29,'평가자2'!F29,'평가자3'!F29,'평가자4'!F29,'평가자5'!F29)/((COUNT('평가자1'!F6:F32)>0)+(COUNT('평가자2'!F6:F32)>0)+(COUNT('평가자3'!F6:F32)>0)+(COUNT('평가자4'!F6:F32)>0)+(COUNT('평가자5'!F6:F32)>0)),"") | F10: =IFERROR(SUM('평가자1'!G29,'평가자2'!G29,'평가자3'!G29,'평가자4'!G29,'평가자5'!G29)/((COUNT('평가자1'!G6:G32)>0)+(COUNT('평가자2'!G6:G32)>0)+(COUNT('평가자3'!G6:G32)>0)+(COUNT('평가자4'!G6:G32)>0)+(COUNT('평가자5'!G6:G32)>0)),"") | G10: =IFERROR(SUM('평가자1'!H29,'평가자2'!H29,'평가자3'!H29,'평가자4'!H29,'평가자5'!H29)/((COUNT('평가자1'!H6:H32)>0)+(COUNT('평가자2'!H6:H32)>0)+(COUNT('평가자3'!H6:H32)>0)+(COUNT('평가자4'!H6:H32)>0)+(COUNT('평가자5'!H6:H32)>0)),"") | H10: =IFERROR(SUM('평가자1'!I29,'평가자2'!I29,'평가자3'!I29,'평가자4'!I29,'평가자5'!I29)/((COUNT('평가자1'!I6:I32)>0)+(COUNT('평가자2'!I6:I32)>0)+(COUNT('평가자3'!I6:I32)>0)+(COUNT('평가자4'!I6:I32)>0)+(COUNT('평가자5'!I6:I32)>0)),"") | I10: =IFERROR(SUM('평가자1'!J29,'평가자2'!J29,'평가자3'!J29,'평가자4'!J29,'평가자5'!J29)/((COUNT('평가자1'!J6:J32)>0)+(COUNT('평가자2'!J6:J32)>0)+(COUNT('평가자3'!J6:J32)>0)+(COUNT('평가자4'!J6:J32)>0)+(COUNT('평가자5'!J6:J32)>0)),"")
A11: 디자인·영상 완성도 | B11: 5 | C11: =IFERROR(SUM('평가자1'!D32,'평가자2'!D32,'평가자3'!D32,'평가자4'!D32,'평가자5'!D32)/((COUNT('평가자1'!D6:D32)>0)+(COUNT('평가자2'!D6:D32)>0)+(COUNT('평가자3'!D6:D32)>0)+(COUNT('평가자4'!D6:D32)>0)+(COUNT('평가자5'!D6:D32)>0)),"") | D11: =IFERROR(SUM('평가자1'!E32,'평가자2'!E32,'평가자3'!E32,'평가자4'!E32,'평가자5'!E32)/((COUNT('평가자1'!E6:E32)>0)+(COUNT('평가자2'!E6:E32)>0)+(COUNT('평가자3'!E6:E32)>0)+(COUNT('평가자4'!E6:E32)>0)+(COUNT('평가자5'!E6:E32)>0)),"") | E11: =IFERROR(SUM('평가자1'!F32,'평가자2'!F32,'평가자3'!F32,'평가자4'!F32,'평가자5'!F32)/((COUNT('평가자1'!F6:F32)>0)+(COUNT('평가자2'!F6:F32)>0)+(COUNT('평가자3'!F6:F32)>0)+(COUNT('평가자4'!F6:F32)>0)+(COUNT('평가자5'!F6:F32)>0)),"") | F11: =IFERROR(SUM('평가자1'!G32,'평가자2'!G32,'평가자3'!G32,'평가자4'!G32,'평가자5'!G32)/((COUNT('평가자1'!G6:G32)>0)+(COUNT('평가자2'!G6:G32)>0)+(COUNT('평가자3'!G6:G32)>0)+(COUNT('평가자4'!G6:G32)>0)+(COUNT('평가자5'!G6:G32)>0)),"") | G11: =IFERROR(SUM('평가자1'!H32,'평가자2'!H32,'평가자3'!H32,'평가자4'!H32,'평가자5'!H32)/((COUNT('평가자1'!H6:H32)>0)+(COUNT('평가자2'!H6:H32)>0)+(COUNT('평가자3'!H6:H32)>0)+(COUNT('평가자4'!H6:H32)>0)+(COUNT('평가자5'!H6:H32)>0)),"") | H11: =IFERROR(SUM('평가자1'!I32,'평가자2'!I32,'평가자3'!I32,'평가자4'!I32,'평가자5'!I32)/((COUNT('평가자1'!I6:I32)>0)+(COUNT('평가자2'!I6:I32)>0)+(COUNT('평가자3'!I6:I32)>0)+(COUNT('평가자4'!I6:I32)>0)+(COUNT('평가자5'!I6:I32)>0)),"") | I11: =IFERROR(SUM('평가자1'!J32,'평가자2'!J32,'평가자3'!J32,'평가자4'!J32,'평가자5'!J32)/((COUNT('평가자1'!J6:J32)>0)+(COUNT('평가자2'!J6:J32)>0)+(COUNT('평가자3'!J6:J32)>0)+(COUNT('평가자4'!J6:J32)>0)+(COUNT('평가자5'!J6:J32)>0)),"")
A12: 평균 총점 | B12: 100 | C12: =IFERROR(SUM(C5:C11),"") | D12: =IFERROR(SUM(D5:D11),"") | E12: =IFERROR(SUM(E5:E11),"") | F12: =IFERROR(SUM(F5:F11),"") | G12: =IFERROR(SUM(G5:G11),"") | H12: =IFERROR(SUM(H5:H11),"") | I12: =IFERROR(SUM(I5:I11),"")
A13: 순위 | C13: =IFERROR(RANK(C12,$C$12:$I$12),"") | D13: =IFERROR(RANK(D12,$C$12:$I$12),"") | E13: =IFERROR(RANK(E12,$C$12:$I$12),"") | F13: =IFERROR(RANK(F12,$C$12:$I$12),"") | G13: =IFERROR(RANK(G12,$C$12:$I$12),"") | H13: =IFERROR(RANK(H12,$C$12:$I$12),"") | I13: =IFERROR(RANK(I12,$C$12:$I$12),"")
A14: 참여 평가자 수 | C14: =(COUNT('평가자1'!D6:D32)>0)+(COUNT('평가자2'!D6:D32)>0)+(COUNT('평가자3'!D6:D32)>0)+(COUNT('평가자4'!D6:D32)>0)+(COUNT('평가자5'!D6:D32)>0) | D14: =(COUNT('평가자1'!E6:E32)>0)+(COUNT('평가자2'!E6:E32)>0)+(COUNT('평가자3'!E6:E32)>0)+(COUNT('평가자4'!E6:E32)>0)+(COUNT('평가자5'!E6:E32)>0) | E14: =(COUNT('평가자1'!F6:F32)>0)+(COUNT('평가자2'!F6:F32)>0)+(COUNT('평가자3'!F6:F32)>0)+(COUNT('평가자4'!F6:F32)>0)+(COUNT('평가자5'!F6:F32)>0) | F14: =(COUNT('평가자1'!G6:G32)>0)+(COUNT('평가자2'!G6:G32)>0)+(COUNT('평가자3'!G6:G32)>0)+(COUNT('평가자4'!G6:G32)>0)+(COUNT('평가자5'!G6:G32)>0) | G14: =(COUNT('평가자1'!H6:H32)>0)+(COUNT('평가자2'!H6:H32)>0)+(COUNT('평가자3'!H6:H32)>0)+(COUNT('평가자4'!H6:H32)>0)+(COUNT('평가자5'!H6:H32)>0) | H14: =(COUNT('평가자1'!I6:I32)>0)+(COUNT('평가자2'!I6:I32)>0)+(COUNT('평가자3'!I6:I32)>0)+(COUNT('평가자4'!I6:I32)>0)+(COUNT('평가자5'!I6:I32)>0) | I14: =(COUNT('평가자1'!J6:J32)>0)+(COUNT('평가자2'!J6:J32)>0)+(COUNT('평가자3'!J6:J32)>0)+(COUNT('평가자4'!J6:J32)>0)+(COUNT('평가자5'!J6:J32)>0)

Sheet 평가자1
A1: 평가표 — 평가자1
A2: 평가자 성함을 B3에 적고, 노란 칸에 업체별 점수(배점 이내)를 입력하세요. 배점 초과 시 빨간색으로 표시됩니다.
A3: 평가자 | C3: 평가일
A5: 코드 | B5: 세부 항목 | C5: 배점 | D5: 인터컴 | E5: 유니원 | F5: FM | G5: 플랜웍스 | H5: 이즈피엠피 | I5: 피플엑스 | J5: 이도플래닝
A6: 1-1 | B6: 창립 메시지 해석 | C6: 10
A7: 1-2 | B7: 오프닝·세리머니 차별화 | C7: 10
A8: 1-3 | B8: 동문 정체성·세대 연결 | C8: 5
B9: 소계 · 행사 콘셉트·창의성 | C9: 25 | D9: =SUM(D6:D8) | E9: =SUM(E6:E8) | F9: =SUM(F6:F8) | G9: =SUM(G6:G8) | H9: =SUM(H6:H8) | I9: =SUM(I6:I8) | J9: =SUM(J6:J8)
A10: 2-1 | B10: 500~1,000명 호텔 갈라·창립식 실적 | C10: 10
A11: 2-2 | B11: 그랜드 하얏트·Encore 경험 | C11: 5
A12: 2-3 | B12: 레퍼런스 검증 가능성 | C12: 5
B13: 소계 · 유사 행사 실적 | C13: 20 | D13: =SUM(D10:D12) | E13: =SUM(E10:E12) | F13: =SUM(F10:F12) | G13: =SUM(G10:G12) | H13: =SUM(H10:H12) | I13: =SUM(I10:I12) | J13: =SUM(J10:J12)
A14: 3-1 | B14: 3시간 구성 균형 | C14: 8
A15: 3-2 | B15: 시나리오·큐시트 완성도 | C15: 4
A16: 3-3 | B16: 특별 강연 세션 연출 | C16: 3
B17: 소계 · 프로그램·스토리텔링 | C17: 15 | D17: =SUM(D14:D16) | E17: =SUM(E14:E16) | F17: =SUM(F14:F16) | G17: =SUM(G14:G16) | H17: =SUM(H14:H16) | I17: =SUM(I14:I16) | J17: =SUM(J14:J16)
A18: 4-1 | B18: 총괄 PM 경력·투입률 | C18: 8
A19: 4-2 | B19: 핵심 팀 구성 | C19: 4
A20: 4-3 | B20: 사내 제작 비중·외주 관리 | C20: 3
B21: 소계 · 실제 투입 PM·팀 | C21: 15 | D21: =SUM(D18:D20) | E21: =SUM(E18:E20) | F21: =SUM(F18:F20) | G21: =SUM(G18:G20) | H21: =SUM(H18:H20) | I21: =SUM(I18:I20) | J21: =SUM(J18:J20)
A22: 5-1 | B22: 등록·RSVP·QR 및 홈페이지 연계 | C22: 4
A23: 5-2 | B23: VIP 의전·좌석·동선 | C23: 3
A24: 5-3 | B24: 15:00 셋업·리허설·안전 | C24: 3
B25: 소계 · 등록·VIP·현장 운영 | C25: 10 | D25: =SUM(D22:D24) | E25: =SUM(E22:E24) | F25: =SUM(F22:F24) | G25: =SUM(G22:G24) | H25: =SUM(H22:H24) | I25: =SUM(I22:I24) | J25: =SUM(J22:J24)
A26: 6-1 | B26: 예산 범위 적합성 | C26: 4
A27: 6-2 | B27: 산출 근거·구분 | C27: 4
A28: 6-3 | B28: 인원 증감·옵션 분리 | C28: 2
B29: 소계 · 예산 합리성·투명성 | C29: 10 | D29: =SUM(D26:D28) | E29: =SUM(E26:E28) | F29: =SUM(F26:F28) | G29: =SUM(G26:G28) | H29: =SUM(H26:H28) | I29: =SUM(I26:I28) | J29: =SUM(J26:J28)
A30: 7-1 | B30: 키비주얼·포트폴리오 품질 | C30: 3
A31: 7-2 | B31: 오프닝 영상 제안 | C31: 2
B32: 소계 · 디자인·영상 완성도 | C32: 5 | D32: =SUM(D30:D31) | E32: =SUM(E30:E31) | F32: =SUM(F30:F31) | G32: =SUM(G30:G31) | H32: =SUM(H30:H31) | I32: =SUM(I30:I31) | J32: =SUM(J30:J31)
B33: 총점 (100) | C33: 100 | D33: =D9+D13+D17+D21+D25+D29+D32 | E33: =E9+E13+E17+E21+E25+E29+E32 | F33: =F9+F13+F17+F21+F25+F29+F32 | G33: =G9+G13+G17+G21+G25+G29+G32 | H33: =H9+H13+H17+H21+H25+H29+H32 | I33: =I9+I13+I17+I21+I25+I29+I32 | J33: =J9+J13+J17+J21+J25+J29+J32
A35: G1 | B35: 2027.4.16 현장 운영 가능 | C35: 예/아니오
A36: G2 | B36: 호텔 60일 전 통보·사전 승인 이행 동의 | C36: 예/아니오
A37: G3 | B37: VAT 포함·별도 금액 모두 제출 | C37: 예/아니오
A38: G4 | B38: 핵심 인력 실투입 확약 | C38: 예/아니오
A39: G5 | B39: 참석자 개인정보 처리 방안 제출 | C39: 예/아니오
A41: 의견

Sheet 평가자2
A1: 평가표 — 평가자2
A2: 평가자 성함을 B3에 적고, 노란 칸에 업체별 점수(배점 이내)를 입력하세요. 배점 초과 시 빨간색으로 표시됩니다.
A3: 평가자 | C3: 평가일
A5: 코드 | B5: 세부 항목 | C5: 배점 | D5: 인터컴 | E5: 유니원 | F5: FM | G5: 플랜웍스 | H5: 이즈피엠피 | I5: 피플엑스 | J5: 이도플래닝
A6: 1-1 | B6: 창립 메시지 해석 | C6: 10
A7: 1-2 | B7: 오프닝·세리머니 차별화 | C7: 10
A8: 1-3 | B8: 동문 정체성·세대 연결 | C8: 5
B9: 소계 · 행사 콘셉트·창의성 | C9: 25 | D9: =SUM(D6:D8) | E9: =SUM(E6:E8) | F9: =SUM(F6:F8) | G9: =SUM(G6:G8) | H9: =SUM(H6:H8) | I9: =SUM(I6:I8) | J9: =SUM(J6:J8)
A10: 2-1 | B10: 500~1,000명 호텔 갈라·창립식 실적 | C10: 10
A11: 2-2 | B11: 그랜드 하얏트·Encore 경험 | C11: 5
A12: 2-3 | B12: 레퍼런스 검증 가능성 | C12: 5
B13: 소계 · 유사 행사 실적 | C13: 20 | D13: =SUM(D10:D12) | E13: =SUM(E10:E12) | F13: =SUM(F10:F12) | G13: =SUM(G10:G12) | H13: =SUM(H10:H12) | I13: =SUM(I10:I12) | J13: =SUM(J10:J12)
A14: 3-1 | B14: 3시간 구성 균형 | C14: 8
A15: 3-2 | B15: 시나리오·큐시트 완성도 | C15: 4
A16: 3-3 | B16: 특별 강연 세션 연출 | C16: 3
B17: 소계 · 프로그램·스토리텔링 | C17: 15 | D17: =SUM(D14:D16) | E17: =SUM(E14:E16) | F17: =SUM(F14:F16) | G17: =SUM(G14:G16) | H17: =SUM(H14:H16) | I17: =SUM(I14:I16) | J17: =SUM(J14:J16)
A18: 4-1 | B18: 총괄 PM 경력·투입률 | C18: 8
A19: 4-2 | B19: 핵심 팀 구성 | C19: 4
A20: 4-3 | B20: 사내 제작 비중·외주 관리 | C20: 3
B21: 소계 · 실제 투입 PM·팀 | C21: 15 | D21: =SUM(D18:D20) | E21: =SUM(E18:E20) | F21: =SUM(F18:F20) | G21: =SUM(G18:G20) | H21: =SUM(H18:H20) | I21: =SUM(I18:I20) | J21: =SUM(J18:J20)
A22: 5-1 | B22: 등록·RSVP·QR 및 홈페이지 연계 | C22: 4
A23: 5-2 | B23: VIP 의전·좌석·동선 | C23: 3
A24: 5-3 | B24: 15:00 셋업·리허설·안전 | C24: 3
B25: 소계 · 등록·VIP·현장 운영 | C25: 10 | D25: =SUM(D22:D24) | E25: =SUM(E22:E24) | F25: =SUM(F22:F24) | G25: =SUM(G22:G24) | H25: =SUM(H22:H24) | I25: =SUM(I22:I24) | J25: =SUM(J22:J24)
A26: 6-1 | B26: 예산 범위 적합성 | C26: 4
A27: 6-2 | B27: 산출 근거·구분 | C27: 4
A28: 6-3 | B28: 인원 증감·옵션 분리 | C28: 2
B29: 소계 · 예산 합리성·투명성 | C29: 10 | D29: =SUM(D26:D28) | E29: =SUM(E26:E28) | F29: =SUM(F26:F28) | G29: =SUM(G26:G28) | H29: =SUM(H26:H28) | I29: =SUM(I26:I28) | J29: =SUM(J26:J28)
A30: 7-1 | B30: 키비주얼·포트폴리오 품질 | C30: 3
A31: 7-2 | B31: 오프닝 영상 제안 | C31: 2
B32: 소계 · 디자인·영상 완성도 | C32: 5 | D32: =SUM(D30:D31) | E32: =SUM(E30:E31) | F32: =SUM(F30:F31) | G32: =SUM(G30:G31) | H32: =SUM(H30:H31) | I32: =SUM(I30:I31) | J32: =SUM(J30:J31)
B33: 총점 (100) | C33: 100 | D33: =D9+D13+D17+D21+D25+D29+D32 | E33: =E9+E13+E17+E21+E25+E29+E32 | F33: =F9+F13+F17+F21+F25+F29+F32 | G33: =G9+G13+G17+G21+G25+G29+G32 | H33: =H9+H13+H17+H21+H25+H29+H32 | I33: =I9+I13+I17+I21+I25+I29+I32 | J33: =J9+J13+J17+J21+J25+J29+J32
A35: G1 | B35: 2027.4.16 현장 운영 가능 | C35: 예/아니오
A36: G2 | B36: 호텔 60일 전 통보·사전 승인 이행 동의 | C36: 예/아니오
A37: G3 | B37: VAT 포함·별도 금액 모두 제출 | C37: 예/아니오
A38: G4 | B38: 핵심 인력 실투입 확약 | C38: 예/아니오
A39: G5 | B39: 참석자 개인정보 처리 방안 제출 | C39: 예/아니오
A41: 의견

Sheet 평가자3
A1: 평가표 — 평가자3
A2: 평가자 성함을 B3에 적고, 노란 칸에 업체별 점수(배점 이내)를 입력하세요. 배점 초과 시 빨간색으로 표시됩니다.
A3: 평가자 | C3: 평가일
A5: 코드 | B5: 세부 항목 | C5: 배점 | D5: 인터컴 | E5: 유니원 | F5: FM | G5: 플랜웍스 | H5: 이즈피엠피 | I5: 피플엑스 | J5: 이도플래닝
A6: 1-1 | B6: 창립 메시지 해석 | C6: 10
A7: 1-2 | B7: 오프닝·세리머니 차별화 | C7: 10
A8: 1-3 | B8: 동문 정체성·세대 연결 | C8: 5
B9: 소계 · 행사 콘셉트·창의성 | C9: 25 | D9: =SUM(D6:D8) | E9: =SUM(E6:E8) | F9: =SUM(F6:F8) | G9: =SUM(G6:G8) | H9: =SUM(H6:H8) | I9: =SUM(I6:I8) | J9: =SUM(J6:J8)
A10: 2-1 | B10: 500~1,000명 호텔 갈라·창립식 실적 | C10: 10
A11: 2-2 | B11: 그랜드 하얏트·Encore 경험 | C11: 5
A12: 2-3 | B12: 레퍼런스 검증 가능성 | C12: 5
B13: 소계 · 유사 행사 실적 | C13: 20 | D13: =SUM(D10:D12) | E13: =SUM(E10:E12) | F13: =SUM(F10:F12) | G13: =SUM(G10:G12) | H13: =SUM(H10:H12) | I13: =SUM(I10:I12) | J13: =SUM(J10:J12)
A14: 3-1 | B14: 3시간 구성 균형 | C14: 8
A15: 3-2 | B15: 시나리오·큐시트 완성도 | C15: 4
A16: 3-3 | B16: 특별 강연 세션 연출 | C16: 3
B17: 소계 · 프로그램·스토리텔링 | C17: 15 | D17: =SUM(D14:D16) | E17: =SUM(E14:E16) | F17: =SUM(F14:F16) | G17: =SUM(G14:G16) | H17: =SUM(H14:H16) | I17: =SUM(I14:I16) | J17: =SUM(J14:J16)
A18: 4-1 | B18: 총괄 PM 경력·투입률 | C18: 8
A19: 4-2 | B19: 핵심 팀 구성 | C19: 4
A20: 4-3 | B20: 사내 제작 비중·외주 관리 | C20: 3
B21: 소계 · 실제 투입 PM·팀 | C21: 15 | D21: =SUM(D18:D20) | E21: =SUM(E18:E20) | F21: =SUM(F18:F20) | G21: =SUM(G18:G20) | H21: =SUM(H18:H20) | I21: =SUM(I18:I20) | J21: =SUM(J18:J20)
A22: 5-1 | B22: 등록·RSVP·QR 및 홈페이지 연계 | C22: 4
A23: 5-2 | B23: VIP 의전·좌석·동선 | C23: 3
A24: 5-3 | B24: 15:00 셋업·리허설·안전 | C24: 3
B25: 소계 · 등록·VIP·현장 운영 | C25: 10 | D25: =SUM(D22:D24) | E25: =SUM(E22:E24) | F25: =SUM(F22:F24) | G25: =SUM(G22:G24) | H25: =SUM(H22:H24) | I25: =SUM(I22:I24) | J25: =SUM(J22:J24)
A26: 6-1 | B26: 예산 범위 적합성 | C26: 4
A27: 6-2 | B27: 산출 근거·구분 | C27: 4
A28: 6-3 | B28: 인원 증감·옵션 분리 | C28: 2
B29: 소계 · 예산 합리성·투명성 | C29: 10 | D29: =SUM(D26:D28) | E29: =SUM(E26:E28) | F29: =SUM(F26:F28) | G29: =SUM(G26:G28) | H29: =SUM(H26:H28) | I29: =SUM(I26:I28) | J29: =SUM(J26:J28)
A30: 7-1 | B30: 키비주얼·포트폴리오 품질 | C30: 3
A31: 7-2 | B31: 오프닝 영상 제안 | C31: 2
B32: 소계 · 디자인·영상 완성도 | C32: 5 | D32: =SUM(D30:D31) | E32: =SUM(E30:E31) | F32: =SUM(F30:F31) | G32: =SUM(G30:G31) | H32: =SUM(H30:H31) | I32: =SUM(I30:I31) | J32: =SUM(J30:J31)
B33: 총점 (100) | C33: 100 | D33: =D9+D13+D17+D21+D25+D29+D32 | E33: =E9+E13+E17+E21+E25+E29+E32 | F33: =F9+F13+F17+F21+F25+F29+F32 | G33: =G9+G13+G17+G21+G25+G29+G32 | H33: =H9+H13+H17+H21+H25+H29+H32 | I33: =I9+I13+I17+I21+I25+I29+I32 | J33: =J9+J13+J17+J21+J25+J29+J32
A35: G1 | B35: 2027.4.16 현장 운영 가능 | C35: 예/아니오
A36: G2 | B36: 호텔 60일 전 통보·사전 승인 이행 동의 | C36: 예/아니오
A37: G3 | B37: VAT 포함·별도 금액 모두 제출 | C37: 예/아니오
A38: G4 | B38: 핵심 인력 실투입 확약 | C38: 예/아니오
A39: G5 | B39: 참석자 개인정보 처리 방안 제출 | C39: 예/아니오
A41: 의견

Sheet 평가자4
A1: 평가표 — 평가자4
A2: 평가자 성함을 B3에 적고, 노란 칸에 업체별 점수(배점 이내)를 입력하세요. 배점 초과 시 빨간색으로 표시됩니다.
A3: 평가자 | C3: 평가일
A5: 코드 | B5: 세부 항목 | C5: 배점 | D5: 인터컴 | E5: 유니원 | F5: FM | G5: 플랜웍스 | H5: 이즈피엠피 | I5: 피플엑스 | J5: 이도플래닝
A6: 1-1 | B6: 창립 메시지 해석 | C6: 10
A7: 1-2 | B7: 오프닝·세리머니 차별화 | C7: 10
A8: 1-3 | B8: 동문 정체성·세대 연결 | C8: 5
B9: 소계 · 행사 콘셉트·창의성 | C9: 25 | D9: =SUM(D6:D8) | E9: =SUM(E6:E8) | F9: =SUM(F6:F8) | G9: =SUM(G6:G8) | H9: =SUM(H6:H8) | I9: =SUM(I6:I8) | J9: =SUM(J6:J8)
A10: 2-1 | B10: 500~1,000명 호텔 갈라·창립식 실적 | C10: 10
A11: 2-2 | B11: 그랜드 하얏트·Encore 경험 | C11: 5
A12: 2-3 | B12: 레퍼런스 검증 가능성 | C12: 5
B13: 소계 · 유사 행사 실적 | C13: 20 | D13: =SUM(D10:D12) | E13: =SUM(E10:E12) | F13: =SUM(F10:F12) | G13: =SUM(G10:G12) | H13: =SUM(H10:H12) | I13: =SUM(I10:I12) | J13: =SUM(J10:J12)
A14: 3-1 | B14: 3시간 구성 균형 | C14: 8
A15: 3-2 | B15: 시나리오·큐시트 완성도 | C15: 4
A16: 3-3 | B16: 특별 강연 세션 연출 | C16: 3
B17: 소계 · 프로그램·스토리텔링 | C17: 15 | D17: =SUM(D14:D16) | E17: =SUM(E14:E16) | F17: =SUM(F14:F16) | G17: =SUM(G14:G16) | H17: =SUM(H14:H16) | I17: =SUM(I14:I16) | J17: =SUM(J14:J16)
A18: 4-1 | B18: 총괄 PM 경력·투입률 | C18: 8
A19: 4-2 | B19: 핵심 팀 구성 | C19: 4
A20: 4-3 | B20: 사내 제작 비중·외주 관리 | C20: 3
B21: 소계 · 실제 투입 PM·팀 | C21: 15 | D21: =SUM(D18:D20) | E21: =SUM(E18:E20) | F21: =SUM(F18:F20) | G21: =SUM(G18:G20) | H21: =SUM(H18:H20) | I21: =SUM(I18:I20) | J21: =SUM(J18:J20)
A22: 5-1 | B22: 등록·RSVP·QR 및 홈페이지 연계 | C22: 4
A23: 5-2 | B23: VIP 의전·좌석·동선 | C23: 3
A24: 5-3 | B24: 15:00 셋업·리허설·안전 | C24: 3
B25: 소계 · 등록·VIP·현장 운영 | C25: 10 | D25: =SUM(D22:D24) | E25: =SUM(E22:E24) | F25: =SUM(F22:F24) | G25: =SUM(G22:G24) | H25: =SUM(H22:H24) | I25: =SUM(I22:I24) | J25: =SUM(J22:J24)
A26: 6-1 | B26: 예산 범위 적합성 | C26: 4
A27: 6-2 | B27: 산출 근거·구분 | C27: 4
A28: 6-3 | B28: 인원 증감·옵션 분리 | C28: 2
B29: 소계 · 예산 합리성·투명성 | C29: 10 | D29: =SUM(D26:D28) | E29: =SUM(E26:E28) | F29: =SUM(F26:F28) | G29: =SUM(G26:G28) | H29: =SUM(H26:H28) | I29: =SUM(I26:I28) | J29: =SUM(J26:J28)
A30: 7-1 | B30: 키비주얼·포트폴리오 품질 | C30: 3
A31: 7-2 | B31: 오프닝 영상 제안 | C31: 2
B32: 소계 · 디자인·영상 완성도 | C32: 5 | D32: =SUM(D30:D31) | E32: =SUM(E30:E31) | F32: =SUM(F30:F31) | G32: =SUM(G30:G31) | H32: =SUM(H30:H31) | I32: =SUM(I30:I31) | J32: =SUM(J30:J31)
B33: 총점 (100) | C33: 100 | D33: =D9+D13+D17+D21+D25+D29+D32 | E33: =E9+E13+E17+E21+E25+E29+E32 | F33: =F9+F13+F17+F21+F25+F29+F32 | G33: =G9+G13+G17+G21+G25+G29+G32 | H33: =H9+H13+H17+H21+H25+H29+H32 | I33: =I9+I13+I17+I21+I25+I29+I32 | J33: =J9+J13+J17+J21+J25+J29+J32
A35: G1 | B35: 2027.4.16 현장 운영 가능 | C35: 예/아니오
A36: G2 | B36: 호텔 60일 전 통보·사전 승인 이행 동의 | C36: 예/아니오
A37: G3 | B37: VAT 포함·별도 금액 모두 제출 | C37: 예/아니오
A38: G4 | B38: 핵심 인력 실투입 확약 | C38: 예/아니오
A39: G5 | B39: 참석자 개인정보 처리 방안 제출 | C39: 예/아니오
A41: 의견

Sheet 평가자5
A1: 평가표 — 평가자5
A2: 평가자 성함을 B3에 적고, 노란 칸에 업체별 점수(배점 이내)를 입력하세요. 배점 초과 시 빨간색으로 표시됩니다.
A3: 평가자 | C3: 평가일
A5: 코드 | B5: 세부 항목 | C5: 배점 | D5: 인터컴 | E5: 유니원 | F5: FM | G5: 플랜웍스 | H5: 이즈피엠피 | I5: 피플엑스 | J5: 이도플래닝
A6: 1-1 | B6: 창립 메시지 해석 | C6: 10
A7: 1-2 | B7: 오프닝·세리머니 차별화 | C7: 10
A8: 1-3 | B8: 동문 정체성·세대 연결 | C8: 5
B9: 소계 · 행사 콘셉트·창의성 | C9: 25 | D9: =SUM(D6:D8) | E9: =SUM(E6:E8) | F9: =SUM(F6:F8) | G9: =SUM(G6:G8) | H9: =SUM(H6:H8) | I9: =SUM(I6:I8) | J9: =SUM(J6:J8)
A10: 2-1 | B10: 500~1,000명 호텔 갈라·창립식 실적 | C10: 10
A11: 2-2 | B11: 그랜드 하얏트·Encore 경험 | C11: 5
A12: 2-3 | B12: 레퍼런스 검증 가능성 | C12: 5
B13: 소계 · 유사 행사 실적 | C13: 20 | D13: =SUM(D10:D12) | E13: =SUM(E10:E12) | F13: =SUM(F10:F12) | G13: =SUM(G10:G12) | H13: =SUM(H10:H12) | I13: =SUM(I10:I12) | J13: =SUM(J10:J12)
A14: 3-1 | B14: 3시간 구성 균형 | C14: 8
A15: 3-2 | B15: 시나리오·큐시트 완성도 | C15: 4
A16: 3-3 | B16: 특별 강연 세션 연출 | C16: 3
B17: 소계 · 프로그램·스토리텔링 | C17: 15 | D17: =SUM(D14:D16) | E17: =SUM(E14:E16) | F17: =SUM(F14:F16) | G17: =SUM(G14:G16) | H17: =SUM(H14:H16) | I17: =SUM(I14:I16) | J17: =SUM(J14:J16)
A18: 4-1 | B18: 총괄 PM 경력·투입률 | C18: 8
A19: 4-2 | B19: 핵심 팀 구성 | C19: 4
A20: 4-3 | B20: 사내 제작 비중·외주 관리 | C20: 3
B21: 소계 · 실제 투입 PM·팀 | C21: 15 | D21: =SUM(D18:D20) | E21: =SUM(E18:E20) | F21: =SUM(F18:F20) | G21: =SUM(G18:G20) | H21: =SUM(H18:H20) | I21: =SUM(I18:I20) | J21: =SUM(J18:J20)
A22: 5-1 | B22: 등록·RSVP·QR 및 홈페이지 연계 | C22: 4
A23: 5-2 | B23: VIP 의전·좌석·동선 | C23: 3
A24: 5-3 | B24: 15:00 셋업·리허설·안전 | C24: 3
B25: 소계 · 등록·VIP·현장 운영 | C25: 10 | D25: =SUM(D22:D24) | E25: =SUM(E22:E24) | F25: =SUM(F22:F24) | G25: =SUM(G22:G24) | H25: =SUM(H22:H24) | I25: =SUM(I22:I24) | J25: =SUM(J22:J24)
A26: 6-1 | B26: 예산 범위 적합성 | C26: 4
A27: 6-2 | B27: 산출 근거·구분 | C27: 4
A28: 6-3 | B28: 인원 증감·옵션 분리 | C28: 2
B29: 소계 · 예산 합리성·투명성 | C29: 10 | D29: =SUM(D26:D28) | E29: =SUM(E26:E28) | F29: =SUM(F26:F28) | G29: =SUM(G26:G28) | H29: =SUM(H26:H28) | I29: =SUM(I26:I28) | J29: =SUM(J26:J28)
A30: 7-1 | B30: 키비주얼·포트폴리오 품질 | C30: 3
A31: 7-2 | B31: 오프닝 영상 제안 | C31: 2
B32: 소계 · 디자인·영상 완성도 | C32: 5 | D32: =SUM(D30:D31) | E32: =SUM(E30:E31) | F32: =SUM(F30:F31) | G32: =SUM(G30:G31) | H32: =SUM(H30:H31) | I32: =SUM(I30:I31) | J32: =SUM(J30:J31)
B33: 총점 (100) | C33: 100 | D33: =D9+D13+D17+D21+D25+D29+D32 | E33: =E9+E13+E17+E21+E25+E29+E32 | F33: =F9+F13+F17+F21+F25+F29+F32 | G33: =G9+G13+G17+G21+G25+G29+G32 | H33: =H9+H13+H17+H21+H25+H29+H32 | I33: =I9+I13+I17+I21+I25+I29+I32 | J33: =J9+J13+J17+J21+J25+J29+J32
A35: G1 | B35: 2027.4.16 현장 운영 가능 | C35: 예/아니오
A36: G2 | B36: 호텔 60일 전 통보·사전 승인 이행 동의 | C36: 예/아니오
A37: G3 | B37: VAT 포함·별도 금액 모두 제출 | C37: 예/아니오
A38: G4 | B38: 핵심 인력 실투입 확약 | C38: 예/아니오
A39: G5 | B39: 참석자 개인정보 처리 방안 제출 | C39: 예/아니오
A41: 의견
